DROP DATABASE IF EXISTS lab06;
CREATE DATABASE lab06;
USE lab06;

CREATE TABLE NHANVIEN (
	MANV VARCHAR(15) NOT NULL PRIMARY KEY,
	HONV VARCHAR(15) ,
    TENLOT VARCHAR(15) ,
    TENNV VARCHAR(15) ,
    NGSINH DATE ,
    DCHI VARCHAR(30),
    PHAI ENUM ("NAM", "NU") NOT NULL,
    LUONG DECIMAL(10,2) ,
    MA_NQL VARCHAR(30) DEFAULT NULL,
    PHG INT DEFAULT NULL
    );
    
CREATE TABLE PHONGBAN (
	TENPHG VARCHAR(15),
    MAPHG INT PRIMARY KEY,
    TRPHG VARCHAR(15),
    NG_NHANCHUC DATE,
    FOREIGN KEY (TRPHG) REFERENCES NHANVIEN (MANV)
);

CREATE TABLE DIADIEM_PHG (
	MAPHG INT ,
    DIADIEM VARCHAR(15),
    PRIMARY KEY (MAPHG, DIADIEM),
    FOREIGN KEY (MAPHG) REFERENCES PHONGBAN (MAPHG)
);

CREATE TABLE DEAN (
	TENDA VARCHAR(15),
    MADA INT PRIMARY KEY,
    DDIEM_DA VARCHAR(15),
    PHONG INT,
    FOREIGN KEY (PHONG) REFERENCES PHONGBAN (MAPHG)
);

CREATE TABLE CONGVIEC (
	MADA INT ,
    STT INT,
    TEN_CONG_VIEC VARCHAR(50),
    PRIMARY KEY (MADA, STT),
	FOREIGN KEY (MADA) REFERENCES DEAN (MADA)
);

CREATE TABLE PHANCONG (
	MA_NVIEN VARCHAR(15) ,
    MADA INT,
    STT INT,
    THOIGIAN TIME,
    PRIMARY KEY (MA_NVIEN, MADA, STT),
	FOREIGN KEY (MA_NVIEN) REFERENCES NHANVIEN (MANV),
	FOREIGN KEY (MADA,STT) REFERENCES CONGVIEC (MADA,STT)
);

CREATE TABLE THANNHAN (
	MA_NVIEN VARCHAR(15) ,
    TENTN VARCHAR(15) ,
    PHAI ENUM ("NAM", "NU") NOT NULL,
    NGSINH DATE,
    QUANHE VARCHAR(15),
    PRIMARY KEY (MA_NVIEN, TENTN),
    FOREIGN KEY (MA_NVIEN) REFERENCES NHANVIEN (MANV)
);


-- ALTER TABLE PHONGBAN DROP FOREIGN KEY FK_PHONGBAN_TRPH;
-- ALTER TABLE DIADIEM_PHG DROP FOREIGN KEY FK_MAPH;
-- ALTER TABLE DEAN DROP FOREIGN KEY FK_PHONG;
-- ALTER TABLE CONGVIEC DROP FOREIGN KEY FK_MADA;
-- ALTER TABLE PHANCONG DROP FOREIGN KEY FK_PHANCONG_MANV;
-- ALTER TABLE PHANCONG DROP FOREIGN KEY FK_MADA_STT;
-- ALTER TABLE THANNHAN DROP FOREIGN KEY FK_THANNHAN_MANV;

INSERT INTO NHANVIEN (MANV, HONV, TENLOT, TENNV, NGSINH, DCHI, PHAI, LUONG, MA_NQL, PHG)
VALUES 
    ('009','Đinh', 'Bá', 'Tiên',  '1960-02-11', '119 Công Quỳnh,TpHCM', "NAM", 30000, '005', 5),
    ('005','Nguyễn', 'Thanh', 'Tùng',  '1962-08-20', '222 Nguyễn Văn Cừ,TpHCM', "NAM", 40000, '006', 5),
    ('007','Bùi ', 'Ngọc ', 'Hằng ',  '1954-11-03', '332 Nguyễn Thái Học , Tp HCM', "NAM", 25000, '001', 4),
    ('001','Lê ', 'Quỳnh ', 'Như',  '1967-01-02' ,'291 Hồ Văn Huê , Tp HCM', "NU", 43000, '006', 4),
    ('004','Nguyễn ', 'Mạnh ', 'Hùng ',  '1967-04-03', '95 Bà Rịa,Vũng Tàu', "NAM", 38000, '005', 5),
    ('003','Trần ', 'Thanh ', 'Tâm ',  '1957-04-05' ,'34 Mai Thị Lựu,Tp HCM', "NAM", 25000, '005', 5),
    ('008','Trần ', 'Hồng ', 'Quang ',  '1967-01-09' ,'80 Lê Hồng Phong,Tp HCM', "NAM", 25000, '001', 4 ),
    ('006','Phạm', 'Văn', 'Vinh',  '1965-01-01', '45 Trưng Vương, Hà Nội', "NU", 55000, '', 1);


INSERT INTO PHONGBAN (TENPHG, MAPHG, TRPHG, NG_NHANCHUC)
VALUES 				('Nghiên cứu', 5, '005', '1978-05-22'), 
					('Điều hành', 4, '008', '1985-01-01'), 
					('Quản lý', 1, '006', '1971-06-19');


INSERT INTO DIADIEM_PHG (MAPHG, DIADIEM)
VALUES (1, 'TP HCM'),
       (4, 'Hà Nội'),
       (5, 'TAU'),
       (5, 'NHA TRANG'),
       (5, 'TP HCM');


INSERT INTO DEAN (TENDA, MADA, DDIEM_DA, PHONG)
VALUES ('San pham X', 1, 'Vũng Tàu', 5),
       ('San pham Y', 2, 'Nha Trang', 5),
       ('San pham Z', 3, 'TP HCM', 5),
       ('Tin hoc hoa', 10, 'Hà Nội', 4),
       ('Cap quang', 20, 'TP HCM', 1),
       ('Dao tao', 30, 'Hà Nội', 4);


INSERT INTO CONGVIEC (MADA, STT, TEN_CONG_VIEC)
VALUES 	(1, 1, 'Thiet ke san pham X'),
		(1, 2, 'Thu nghiem san pham X'),
		(2, 1, 'San xuat san pham Y'),
		(2, 2, 'Quang cao san pham Y'),
		(3, 1,'Khuyen mai san pham Z'),
		(10, 1,'Tin hoc hoa nhan su tien luong'),
		(10, 2,'Tin hoc hoa phong Kinh doanh'),
		(20, 1,'Lap dat cap quang'),
		(30, 1, 'Dao tao nhan vien Marketing'),
		(30, 2, 'Dao tao chuyen vien thiet ke');
		


INSERT INTO PHANCONG (MA_NVIEN,  MADA,  STT,  THOIGIAN)
VALUES 				('009',       1,     1,      32),
					('009',       2,     2,      8),
					('004',       3,     1,      40),
					('003',       1,     2,      20.0),
					('003',       2,     1,      20.0),
					('008',       10 ,   1 ,     35 ),
					('008',       30 ,   2 ,      5 ),
					('001',       30 ,   1 ,     20 ),
					('001',       20 ,   1 ,     15 ),
					('006',       20 ,   1 ,     30 ),
					('005',       3 ,   1 ,     10 ),
					('005',      10 ,   2 ,     10),
					('005',       20,     1,     10),
					('007',       30,     2,     30),
					('007',       10,     2,     10);


INSERT INTO THANNHAN (MA_NVIEN, TENTN, PHAI, NGSINH, QUANHE)
VALUES 	('005', 'Trinh', "NU", '1976-04-05', 'Con gái'),
		('005', 'Khang', "NAM", '1973-10-25', 'Con trai'),
		('005', 'Phuong', "NU", '1948-05-03', 'Vợ chồng'),
		('001', 'Minh', "NAM", '1932-02-29', 'Vợ chồng'),
		('009', 'Tiến', "NAM", '1978-01-01', 'Con trai'),
		('009', 'Châu', "NU", '1978-12-30', 'Con gái'),
		('009', 'Phuong', "NU", '1957-05-05', 'Vợ chồng');
        
        
        
-- question01
	SELECT TENPHG,DIADIEM
	FROM PHONGBAN
	JOIN DIADIEM_PHG USING (MAPHG);
    
-- question02
	SELECT concat(HONV,' ',TENLOT,' ',TENNV) AS TENPHG
	FROM PHONGBAN
	JOIN NHANVIEN ON PHONGBAN.TRPHG = NHANVIEN.MANV;
-- question03
	SELECT concat(HONV,' ',TENLOT,' ',TENNV) AS TEN
	FROM NHANVIEN
	WHERE PHG = (
				SELECT MAPHG
                FROM PHONGBAN
                WHERE TENPHG = 'Nghiên cứu');
                
-- question04

	SELECT TENDA,TENPHG,concat(HONV,' ',TENLOT,' ',TENNV) AS TENPHG, NG_NHANCHUC
	FROM PHONGBAN
	JOIN DEAN ON DEAN.PHONG = PHONGBAN.MAPHG
	JOIN NHANVIEN ON PHONGBAN.TRPHG = NHANVIEN.MANV;


-- question05

	SELECT concat(HONV,' ',TENLOT,' ',TENNV) AS TENNV , TENTN
	FROM NHANVIEN AS NV
	JOIN THANNHAN TN ON NV.MANV = TN.MA_NVIEN
	WHERE NV.PHAI = 'NU';

-- question06

	SELECT 	CONCAT_WS(' ', NV.HONV, NV.TENLOT, NV.TENNV) AS TENNV, 
			CONCAT_WS(' ', NQL.HONV, NQL.TENLOT, NQL.TENNV) AS TEN_NQL
	FROM NHANVIEN NV
	LEFT JOIN NHANVIEN NQL ON NV.MA_NQL = NQL.MANV;

-- question07

	SELECT 
		CONCAT_WS(' ', NV.HONV, NV.TENLOT, NV.TENNV) AS TENNV,
		CONCAT_WS(' ', TP.HONV, TP.TENLOT, TP.TENNV) AS TEN_TRPHG,
		CONCAT_WS(' ', NQL.HONV, NQL.TENLOT, NQL.TENNV) AS TEN_NQL
	FROM NHANVIEN NV
	LEFT JOIN PHONGBAN PB ON NV.PHG = PB.MAPHG
	LEFT JOIN NHANVIEN TP ON PB.TRPHG = TP.MANV
	LEFT JOIN NHANVIEN NQL ON NV.MA_NQL = NQL.MANV;

-- question08

SELECT 	NV.MANV, CONCAT_WS(' ', NV.HONV, NV.TENLOT, NV.TENNV) AS 'Họ và tên nhân viên',
		PB.TENPHG AS 'Tên phòng ban',
		DA.TENDA AS 'Tên đề án'
FROM NHANVIEN NV
JOIN PHONGBAN PB ON NV.PHG = PB.MAPHG
JOIN DEAN DA ON PB.MAPHG = DA.PHONG
WHERE PB.MAPHG = 5 AND DA.TENDA = 'San pham X' 
					AND NV.MA_NQL = (
							SELECT MANV
							FROM NHANVIEN
							WHERE CONCAT_WS(' ', HONV, TENLOT, TENNV) = 'Nguyễn Thanh Tùng'
							);

-- question09

	SELECT TENDA
    FROM DEAN DA
    JOIN NHANVIEN NV ON DA.PHONG = NV.PHG
    WHERE concat_ws(' ', HONV, TENLOT, TENNV ) = 'Đinh Bá Tiên';
    
-- question10
	
    SELECT COUNT(MADA) AS SLDEAN
    FROM DEAN DA;
    
-- question11

	SELECT TENPHG, COUNT(MADA) AS SLDA
    FROM DEAN DA
    JOIN PHONGBAN PB ON DA.PHONG = PB.MAPHG
    GROUP BY DA.PHONG
    HAVING TENPHG = 'Nghiên cứu';
    
-- question12
	
    SELECT AVG(lUONG) AS TB_LUONG
    FROM NHANVIEN NV
    WHERE PHAI = 'NU';
    
-- question13

	SELECT COUNT(MA_NVIEN) AS SOLUONG_THANNHAN
    FROM NHANVIEN NV 
    JOIN THANNHAN TN ON NV.MANV = TN.MA_NVIEN
    WHERE CONCAT_WS(' ',HONV,TENLOT,TENNV) = 'Đinh Bá Tiên';
    
-- question14
	
    SELECT DA.TENDA , SUM(THOIGIAN) AS THOIGIAN
    FROM DEAN DA
    JOIN PHANCONG PC ON DA.MADA = PC.MADA
    GROUP BY PC.MADA;
    
-- question15

	SELECT TENDA, COUNT(MANV)
    FROM DEAN DA
    JOIN NHANVIEN NV ON DA.PHONG = NV.PHG
    GROUP BY DA.MADA;
    
-- question16

	SELECT CONCAT_WS(' ',HONV,TENLOT,TENNV) AS TENNV, COUNT(MA_NVIEN) AS SOLUONG_THANNHAN
    FROM NHANVIEN NV 
    JOIN THANNHAN TN ON NV.MANV = TN.MA_NVIEN
	GROUP BY NV.MANV;
    
-- question17

	SELECT CONCAT_WS(' ',HONV,TENLOT,TENNV) AS TENNV, COUNT(PC.MADA) AS SL_DEAN
    FROM NHANVIEN NV 
    JOIN PHANCONG PC ON NV.MANV = PC.MA_NVIEN
    GROUP BY NV.MANV;
    
-- question18

	SELECT MANV, COUNT(*) AS SLNV
	FROM NHANVIEN
	WHERE MANV IN (SELECT MA_NQL FROM NHANVIEN WHERE MA_NQL IS NOT NULL)
	GROUP BY MANV;
    
-- question19

	SELECT TENPHG, AVG(LUONG) AS LUONGTB
	FROM NHANVIEN
	JOIN PHONGBAN ON NHANVIEN.PHG = PHONGBAN.MAPHG
	GROUP BY PHONGBAN.MAPHG;

-- question20

    SELECT TENPHG, COUNT(*) AS SLNV
	FROM NHANVIEN
	JOIN PHONGBAN ON NHANVIEN.PHG = PHONGBAN.MAPHG
	GROUP BY PHONGBAN.MAPHG
	HAVING AVG(LUONG) > 30000;
    
-- question21

	SELECT TENPHG, COUNT(*) AS SLDA
	FROM PHONGBAN
	JOIN DEAN ON PHONGBAN.MAPHG = DEAN.PHONG
	GROUP BY PHONGBAN.MAPHG;
    
-- question22

	SELECT TENPHG, CONCAT(HONV, ' ', TENLOT, ' ', TENNV) AS TRPHG, COUNT(DEAN.MADA) AS SLDA
	FROM PHONGBAN
	JOIN NHANVIEN ON PHONGBAN.TRPHG = NHANVIEN.MANV
	LEFT JOIN DEAN ON PHONGBAN.MAPHG = DEAN.PHONG
	GROUP BY PHONGBAN.MAPHG;

-- question23

	SELECT TENPHG, COUNT(DEAN.MADA) AS SLDA
	FROM PHONGBAN
	JOIN NHANVIEN ON PHONGBAN.MAPHG = NHANVIEN.PHG
	LEFT JOIN DEAN ON PHONGBAN.MAPHG = DEAN.PHONG
	GROUP BY PHONGBAN.MAPHG
	HAVING AVG(NHANVIEN.LUONG) > 40000;
    
-- question24
	
	SELECT DDIEM_DA, COUNT(*) AS SLDA
	FROM DEAN
	GROUP BY DDIEM_DA;
    
-- question25
	
	SELECT TENDA, COUNT(*) AS SLCV
	FROM DEAN
	JOIN CONGVIEC ON DEAN.MADA = CONGVIEC.MADA
	GROUP BY DEAN.MADA;
	
-- question26

	SELECT TEN_CONG_VIEC AS TENCV, COUNT(*) AS SLNVPC
	FROM PHANCONG
	JOIN CONGVIEC ON PHANCONG.MADA = CONGVIEC.MADA AND PHANCONG.STT = CONGVIEC.STT
	WHERE PHANCONG.MADA = 30
	GROUP BY PHANCONG.MADA, PHANCONG.STT;
    
-- question27
	
	SELECT TEN_CONG_VIEC, COUNT(*) AS SoLuongNhanVienDuocPhanCong
	FROM PHANCONG
	JOIN CONGVIEC ON PHANCONG.MADA = CONGVIEC.MADA AND PHANCONG.STT = CONGVIEC.STT
	JOIN DEAN ON CONGVIEC.MADA = DEAN.MADA
	WHERE DEAN.TENDA = 'Dao tao'
	GROUP BY PHANCONG.MADA, PHANCONG.STT;
	
    









